󰒋	Hindsight · API/MCP	http://100.107.89.3:18888/docs	Memoria	API y MCP por banco (/mcp/<banco>/, con clave de tenant)
󰑓	Hindsight · UI	http://100.107.89.3:19999/	Memoria	Memoria de agentes: búsqueda y bancos arq-infra, arq-udgplus, arq-agentes
󰒋	Nextcloud	https://nextcloud.arqueonautis.org	Productividad	Archivos, sincronización y oficina
󰽉	Digipad	https://muros.arqueonautis.org	Docencia	Muros y pizarras colaborativas
󰧻	Trilium	https://trilium.arqueonautis.org	Productividad	Notas personales y académicas (Access; nativos por Tailscale :37840)
󰊢	Vikunja Tasks	https://tasks.arqueonautis.org	Productividad	Gestión de tareas y proyectos
󰄛	Mealie	https://mealie.arqueonautis.org	Hogar	Gestión de recetas y planificador de menú
󰌹	Linkwarden	https://linkwarden.arqueonautis.org	Productividad	Archivo y guardado de enlaces web
󰈙	Wallabag	https://wallabag.arqueonautis.org	Productividad	Lectura diferida (read-it-later)
󰑈	Miniflux	https://miniflux.arqueonautis.org	Productividad	Lector RSS minimalista
󰈦	BentoPDF	https://pdf.arqueonautis.org	Utilidades	Herramientas de manipulación de PDF
󰕥	LimeSurvey	https://survey.arqueonautis.org	Docencia	Encuestas y recolección de datos
󰙴	Particify	https://particify.arqueonautis.org	Docencia	Participación interactiva en clases
󰍡	Claper	https://claper.arqueonautis.org	Docencia	Presentaciones interactivas
󰏤	Moodle Dev	https://moodle-dev.arqueonautis.org	Docencia	Entorno de desarrollo de microcursos
󰊫	Atlas de contenidos	http://100.107.89.3:8132/?status=publicada&view=table&row=section&col=categories&sort=title	Docencia	Inventario editorial y relaciones de IA y Aprendizaje
󰄲	Actual Budget	https://actual.arqueonautis.org	Finanzas	Presupuesto personal basado en sobres
󰟀	Home Assistant	https://ha.arqueonautis.org	Hogar	Automatización y control del hogar
󰕼	Jellyfin	https://jellyfin.arqueonautis.org	Media	Servidor de cine y series
󰵂	Immich	https://immich.arqueonautis.org	Media	Gestor y galería fotográfica
󰋋	Navidrome	https://navidrome.arqueonautis.org	Media	Servidor de streaming de música
󰋼	Calibre-Web	https://libros.arqueonautis.org	Media	Biblioteca de libros de Gerardo (Calibre)
󰄛	Seerr (Overseerr)	https://seerr.arqueonautis.org	Media	Solicitudes y descubrimiento multimedia
󰄛	Foreseerr	https://foreseerr.arqueonautis.org	Media	Descubrimiento multimedia alternativo
󰚗	Sonarr	https://sonarr.arqueonautis.org	Media Arr	Gestión automática de series
󰚗	Radarr	https://radarr.arqueonautis.org	Media Arr	Gestión automática de películas
󰚗	Lidarr	https://lidarr.arqueonautis.org	Media Arr	Gestión automática de música
󰚗	Bazarr	https://bazarr.arqueonautis.org	Media Arr	Gestión de subtítulos
󰚗	Profilarr	https://profilarr.arqueonautis.org	Media Arr	Sincronización de perfiles TRaSH
󰚗	Decypharr	https://sinope.tailf70cf8.ts.net:8282/	Media Arr	Gestor de colas y puente Debrid para *arr
󰋋	Aurral	https://aurral.arqueonautis.org	Media	Recomendaciones musicales Last.fm para Lidarr
󰒍	qBittorrent Sinope	https://qbittorrent.arqueonautis.org	Descargas	Cliente BitTorrent en Sinope
󰇚	SABnzbd	https://sabnzbd.arqueonautis.org	Descargas	Cliente de descargas Usenet
󰇚	slskd (Soulseek)	https://slskd.arqueonautis.org	Descargas	Cliente Soulseek P2P vía VPS
󱓞	Uptime Kuma	https://kuma.arqueonautis.org	Monitoreo	Disponibilidad sintética del Homelab
󰄨	Umami	https://umami.arqueonautis.org/	Monitoreo	Visitas y descargas de los sitios web
󰒋	Coolify	https://coolify.arqueonautis.org	Infraestructura	Panel de aplicaciones y despliegues
󰒋	AdGuard Home	https://adguard.arqueonautis.org	Infraestructura	DNS filtrante y control de red
󰌋	Vaultwarden (Arqueonautis)	https://vault.arqueonautis.org	Seguridad	Gestor de contraseñas personal
󰦨	n8n Sinope	https://automation.arqueonautis.org	Automatización	Flujos y automatizaciones del servidor
󰒋	Antidotum	https://antidotum.arqueonautis.org	Servicios	Servicio en antidotum.arqueonautis.org
󰒋	Btb	https://btb.arqueonautis.org	Servicios	Servicio en btb.arqueonautis.org
󰒋	Cartera-microcredenciales	https://cartera-microcredenciales.arqueonautis.org	Servicios	Servicio en cartera-microcredenciales.arqueonautis.org
󰒋	Cartografias-antifascistas	https://cartografias-antifascistas.arqueonautis.org	Servicios	Servicio en cartografias-antifascistas.arqueonautis.org
󰒋	Catalogo-microcredenciales	https://catalogo-microcredenciales.arqueonautis.org	Servicios	Servicio en catalogo-microcredenciales.arqueonautis.org
󰒋	Cleanuparr	https://cleanuparr.arqueonautis.org	Servicios	Servicio en cleanuparr.arqueonautis.org
󰒋	Consola-microcredenciales	https://consola-microcredenciales.arqueonautis.org	Servicios	Servicio en consola-microcredenciales.arqueonautis.org
󰒋	Id-microcredenciales	https://id-microcredenciales.arqueonautis.org	Servicios	Servicio en id-microcredenciales.arqueonautis.org
󰒋	Microcredenciales	https://microcredenciales.arqueonautis.org	Servicios	Servicio en microcredenciales.arqueonautis.org
󰂚	ntfy Sinope	https://notify.arqueonautis.org	Monitoreo	Servidor de notificaciones push
󰒋	Produccion	https://produccion.arqueonautis.org	Servicios	Servicio en produccion.arqueonautis.org
󰛐	changedetection.io	https://changes.arqueonautis.org	Monitoreo	Vigilancia de cambios en páginas web
󰒋	Nextcloud AIO Panel	https://aio.arqueonautis.org	Infraestructura	Panel de administración Nextcloud AIO
󰚩	Hermes Web	https://hermes.arqueonautis.org	Agentes	Interfaz web de Hermes Agent
󰆼	Tablero Sustancias	https://tablero.analisissustanciaspsicoactivas.org	Docencia	Tablero Shiny de análisis de sustancias
󰒋	Actual MCP	https://actual-mcp.arqueonautis.org/	General	Actual MCP
󰒋	Arqueonautis.org	https://arqueonautis.org	General	Arqueonautis.org
󰒋	Cursos IA	https://cursos-ia.arqueonautis.org	General	Cursos IA
󰒋	IA Educación UDGplus	https://iaeducacion.udgplus.udg.mx/	General	IA Educación UDGplus
󰒋	LanguageTool	https://lt.arqueonautis.org/v2/languages	General	LanguageTool
󰒋	Videostream	https://videostream.arqueonautis.org	General	Videostream
